,no,vol,article no,pages in range,publisher name,publisher location,publisher year
0,1 ,9,,132-136,Varazdin Development and Entrepreneurship Agency,Varazdin,2019
1,,,,103-111,Russian State Social University,Moscow,2019
2,,,,108-122,Faculty of Management University of Warsaw,Warsaw,2019
3,,,,,University North,Koprivnica,2019
4,,,,,"Faculty of Law, Economics and Social Sciences Sale - Mohammed V University in Rabat",Rabat,2019
5,,,,,Wydawnictwo Politechniki Czêstochowskiej,Czêstochowa,2019
6,,,,,Varazdin Development and Entrepreneurship Agency,Varazdin,2019
7,,,,80-90,Russian State Social University,Moscow,2019
8,,,,2-10,Faculty of Management University of Warsaw,Warsaw,2019
9,,,,64-79,University North,Koprivnica,2019
10,,,,133-142,"Faculty of Law, Economics and Social Sciences Sale - Mohammed V University in Rabat",Rabat,2019
11,,,,123-132,Wydawnictwo Uniwersytetu Ekonomicznego w Katowicach,Katowice,2019
12,,,,25-31,Varazdin Development and Entrepreneurship Agency,Varazdin,2019
13,,,,24-37,Russian State Social University,Moscow,2019
14,2 ,53,,67-77,Faculty of Management University of Warsaw,Warsaw,2019
15,20 ,,,87-102,University North,Koprivnica,2019
16,,,,230-241,"Faculty of Law, Economics and Social Sciences Sale - Mohammed V University in Rabat",Rabat,2019
17,,,,57-72,,Sofia,2019
18,,,,29-40,CeDeWu,Warszawa,2019
19,,,,91-104,Wydawnictwo Uniwersytetu Ekonomicznego w Katowicach,Katowice,2019
20,20 ,,,23-37,Publishing House of the University of Economics in Katowice,Katowice,2019
21,,,,169-178,Varazdin Development and Entrepreneurship Agency,Varazdin,2019
22,2 ,14,,389-403,Russian State Social University,Moscow,2019
23,,,,,Faculty of Management University of Warsaw,Warsaw,2019
24,,11,,40-52,University North,Koprivnica,2019
25,,,,125-138,"Faculty of Law, Economics and Social Sciences Sale - Mohammed V University in Rabat",Rabat,2019
26,,,,105-124,Wydawnictwo Placet,Warszawa,2019
27,,,,,Wydawnictwo Placet,Warszawa,2019
28,,61,,3-16,Wydawnictwo Placet,Warszawa,2019
29,3 ,11,,117-131,Wydawnictwo Placet,Warszawa,2019
30,,,,7-17,International Business Information Management Association (IBIMA),Granada,2019
31,3 ,11,,48-59,International Business Information Management Association (IBIMA),Granada,2019
32,,,,44-59,Wydawnictwo Politechniki Czêstochowskiej,Czêstochowa,2019
33,,,,14-15,Difin,Warszawa,2019
34,2 ,55,,118-126,Difin,Warszawa,2019
35,,,,185-211,Difin,Warszawa,2019
36,,,,65-75,Difin,Warszawa,2019
37,,,,102-119,International Business Information Management Association (IBIMA),Granada,2019
38,3 ,7,,65-82,Difin,Warszawa,2019
39,,,,15-36,International Business Information Management Association (IBIMA),Granada,2019
40,,,,85-102,,Sofia,2019
41,,,,8417-8423,Difin,Warszawa,2019
42,,,,492-496,Difin,Warszawa,2019
43,,,,122-133,Wydawnictwo Placet,Warszawa,2019
44,,57,,191-203,Publishing House of the University of Economics in Katowice,Katowice,2019
45,,,,165-194,Publishing House of the University of Economics in Katowice,Katowice,2019
46,,,,7355-7365,Publishing House of the University of Economics in Katowice,Katowice,2019
47,,,,254-269,Masaryk University,Brno,2019
48,,,,2517-2526,Varazdin Development and Entrepreneurship Agency,Varazdin,2019
49,,,,279-287,Azerbaijan State University of Economics (UNEC),Baku,2019
50,,,,383-392,University North,Koprivnica,2019
51,,,,72-97,Faculty of Management University of Warsaw,Warsaw,2019
52,5 ,67,,1309-1323,"Faculty of Law, Economics and Social Sciences Sale - Mohammed V University in Rabat",Rabat,2019
53,,,,19-36,Varazdin Development and Entrepreneurship Agency,Varazdin,2019
54,,,,231-255,Azerbaijan State University of Economics (UNEC),Baku,2019
55,,,,100-117,University North,Koprivnica,2019
56,,,,2-8,Faculty of Management University of Warsaw,Warsaw,2019
57,,,,199-212,"Faculty of Law, Economics and Social Sciences Sale - Mohammed V University in Rabat",Rabat,2019
58,,,,141-156,Varazdin Development and Entrepreneurship Agency,Varazdin,2019
59,,,,177-188,Springer,Cham,2019
60,4 ,21,,13-18,Springer,Cham,2019
61,6 ,24,,748-766,Wydawnictwo Politechniki Czêstochowskiej,Czêstochowa,2019
62,,,,165-176,Wydawnictwo Uniwersytetu Ekonomicznego w Katowicach,Katowice,2019
63,,,,39-50,Springer,Cham,2019
64,2 ,,,146-159,Wydawnictwo Politechniki Czêstochowskiej,Czêstochowa,2019
65,2 ,,,42-57,Varazdin Development and Entrepreneurship Agency,Varazdin,2019
66,,,,97-121,Springer,Cham,2019
67,,,,84-96,Varazdin Development and Entrepreneurship Agency,Varazdin,2019
68,,,,223-237,University North,Koprivnica,2019
69,,,,259-272,Faculty of Management University of Warsaw,Warsaw,2019
70,,,,122-132,"Faculty of Law, Economics and Social Sciences Sale - Mohammed V University in Rabat",Rabat,2019
71,,,,238-249,Springer,Cham,2019
72,,,,19-28,Wydawnictwo Politechniki Czêstochowskiej,Czêstochowa,2019
73,,,,,Varazdin Development and Entrepreneurship Agency,Varazdin,2019
74,,,,75-85,University North,Koprivnica,2019
75,20 ,11,,,Faculty of Management University of Warsaw,Warsaw,2019
76,,63,,16-24,"Faculty of Law, Economics and Social Sciences Sale - Mohammed V University in Rabat",Rabat,2019
77,,,,5-16,Springer,Cham,2019
78,19 ,11,,,Springer,Cham,2019
79,,,,,Varazdin Development and Entrepreneurship Agency,Varazdin,2019
80,10 ,123,,906-911,Wydawnictwo Uniwersytetu Marii Curie-Sk³odowskiej,Lublin,2019
81,,,,,Varazdin Development and Entrepreneurship Agency,Varazdin,2019
82,,63,,25-34,Wydawnictwo Politechniki Czêstochowskiej,Czêstochowa,2019
83,,,,1543-1548,Springer,Cham,2019
84,,,,13-24,Wydawnictwo SGGW,Warszawa,2019
85,,,,,Wydawnictwo SGGW,Warszawa,2019
86,,,,163-177,Wydawnictwo Uniwersytetu Ekonomicznego w Katowicach,Katowice,2019
87,,,,,Wydawnictwo SGGW,Warszawa,2019
88,,,,27-28,Wydawnictwo Uniwersytetu Ekonomicznego w Katowicach,Katowice,2019
89,,,,137-153,Wydawnictwo SGGW,Warszawa,2019
90,,14,,29-43,Wydawnictwo SGGW,Warszawa,2019
91,,,,276-285,Wydawnictwo Uniwersytetu Ekonomicznego w Katowicach,Katowice,2019
92,,,,,Wydawnictwo SGGW,Warszawa,2019
93,11 ,11,,,Publishing House of the University of Economics in Katowice,Katowice,2019
94,,,,231-240,Wydawnictwo Uniwersytetu Ekonomicznego w Katowicach,Katowice,2019
95,,,,,Wydawnictwo Uniwersytetu Ekonomicznego w Katowicach,Katowice,2019
96,,,,,Wydawnictwo Uniwersytetu Ekonomicznego w Katowicach,Katowice,2019
97,,,,19-20,Wydawnictwo Uniwersytetu Ekonomicznego w Katowicach,Katowice,2019
98,,,,,Polskie Wydawnictwo Ekonomiczne,Warszawa,2019
99,,,,76-92,Akademia Wychowania Fizycznego im. Bronis³awa Czecha w Krakowie,Kraków,2019
100,,,,732-750,Oficyna Wydawnicza SGH - Szko³a G³ówna Handlowa w Warszawie,Warszawa,2019
101,,,,115-126,Springer International Publishing,Cham,2019
102,,,,41-57,Presscom,Wroc³aw,2019
103,,,,,Springer International Publishing,Cham,2019
104,11 ,11,,,Akademia Wychowania Fizycznego im. Bronis³awa Czecha w Krakowie,Kraków,2019
105,1 ,4,,35-40,Oficyna Wydawnicza SGH - Szko³a G³ówna Handlowa w Warszawie,Warszawa,2019
106,,,,,Varazdin Development and Entrepreneurship Agency,Varazdin,2019
107,,,,9-24,Faculty of Management University of Warsaw,Warsaw,2019
108,,,,129-139,"Faculty of Law, Economics and Social Sciences Sale - Mohammed V University in Rabat",Rabat,2019
109,,,,,Wydawnictwo Uniwersytetu £ódzkiego,,2019
110,,,,107-118,Varazdin Development and Entrepreneurship Agency,Varazdin,2019
111,,,,191-204,Varazdin Development and Entrepreneurship Agency,Varazdin,2019
112,,,,68-79,University North,Koprivnica,2019
113,,63,,217-229,Faculty of Management University of Warsaw,Warsaw,2019
114,1 ,24,,155-177,"Faculty of Law, Economics and Social Sciences Sale - Mohammed V University in Rabat",Rabat,2019
115,,,,84-93,Stowarzyszenie Ksiêgowych w Polsce - Zarz¹d G³ówny. Instytut Certyfikacji Zawodowej Ksiêgowych,Warszawa,2019
116,,24,,334-354,Stowarzyszenie Ksiêgowych w Polsce - Zarz¹d G³ówny. Instytut Certyfikacji Zawodowej Ksiêgowych,Warszawa,2019
117,,,,,Instytut Rozwoju Wsi i Rolnictwa Polskiej Akademii Nauk ; Wydawnictwo Naukowe Scholar,Warszawa,2019
118,,,,9-24,Varazdin Development and Entrepreneurship Agency,Varazdin,2019
119,,63,,58-70,Faculty of Management University of Warsaw,Warsaw,2019
120,,,,21-27,"Faculty of Law, Economics and Social Sciences Sale - Mohammed V University in Rabat",Rabat,2019
121,,63,,172-183,Academic Conferences and Publishing International Limited,Reading,2019
122,,,,144-155,Publishing Office of Czestochowa University of Technology,Czêstochowa,2019
123,,,,156-174,Wydawnictwo Uniwersytetu Marii Curie-Sk³odowskiej,Lublin,2019
124,139 ,,,607-619,Instytut Rozwoju Wsi i Rolnictwa Polskiej Akademii Nauk ; Wydawnictwo Naukowe Scholar,Warszawa,2019
125,,6,,111-125,Wydawnictwo Naukowe Instytutu Technologii Eksploatacji Pañstwowego Instytutu Badawczego,Radom,2019
126,,,,49-63,Varazdin Development and Entrepreneurship Agency,Varazdin,2019
127,,,,,Megatrend University,Belgrade,2019
128,,,,65-85,University North,Koprivnica,2019
129,1 ,16,,91-97,Faculty of Management University of Warsaw,Warsaw,2019
130,1 ,16,,137-147,Wydawnictwo Uniwersytetu Ekonomicznego w Katowicach,Katowice,2019
131,,,,,Wydawnictwo Uniwersytetu Ekonomicznego w Katowicach,Katowice,2019
132,,,,241-277,Wydawnictwo Uniwersytetu Ekonomicznego w Katowicach,Katowice,2019
133,,,,193-206,Wydawnictwo Uniwersytetu Ekonomicznego w Katowicach,Katowice,2019
134,,,,61-74,Wydawnictwo Uniwersytetu Ekonomicznego w Katowicach,Katowice,2019
135,,,,245-252,Wydawnictwo Uniwersytetu Ekonomicznego w Katowicach,Katowice,2019
136,,,,97-108,Wydawnictwo Uniwersytetu Ekonomicznego w Katowicach,Katowice,2019
137,,,,3-9,Wydawnictwo Uniwersytetu Ekonomicznego w Katowicach,Katowice,2019
138,,,,153-168,Varazdin Development and Entrepreneurship Agency,Varazdin,2019
139,1 ,16,,70-79,Megatrend University,Belgrade,2019
140,1 ,83,,50-62,University North,Koprivnica,2019
141,,,,151-159,Faculty of Management University of Warsaw,Warsaw,2019
142,,,,12-13,"Faculty of Law, Economics and Social Sciences Sale - Mohammed V University in Rabat",Rabat,2019
143,,,,283-301,Varazdin Development and Entrepreneurship Agency,Varazdin,2019
144,,,,,Megatrend University,Belgrade,2019
145,,,,211-212,University North,Koprivnica,2019
146,,,,79-96,Faculty of Management University of Warsaw,Warsaw,2019
147,,,,1097-1124,"Faculty of Law, Economics and Social Sciences Sale - Mohammed V University in Rabat",Rabat,2019
148,,,,106-114,Varazdin Development and Entrepreneurship Agency,Varazdin,2019
149,,,,16-21,Megatrend University,Belgrade,2019
150,,,,33-42,University North,Koprivnica,2019
151,,,,55-64,Faculty of Management University of Warsaw,Warsaw,2019
152,,,,13-32,"Faculty of Law, Economics and Social Sciences Sale - Mohammed V University in Rabat",Rabat,2019
153,2 ,7,,,Springer,Cham,2019
154,,,,63-74,Springer,Cham,2019
155,,1,,,Springer,Cham,2019
156,1 ,15,,123-146,Laboratorium Wiedzy Artur Borcuch,Kielce,2019
157,,,,43-61,Laboratorium Wiedzy Artur Borcuch,Kielce,2019
158,,,,105-107,Wydawnictwo Uniwersytetu Ekonomicznego w Katowicach,Katowice,2019
159,,,,1753-1755,Wydawnictwo Uniwersytetu Ekonomicznego w Katowicach,Katowice,2019
160,,,,,Laboratorium Wiedzy Artur Borcuch,Kielce,2019
161,,,,114-122,Institute of Electrical and Electronics Engineers,New,2019
162,,,,109-122,Polskie Towarzystwo Informatyczne,Warszawa,2019
163,,,,1451-1461,Wydawnictwo Uniwersytetu Ekonomicznego w Katowicach,Katowice,2019
164,,,,947-976,Laboratorium Wiedzy Artur Borcuch,Kielce,2019
165,,,,145-157,Wydawnictwo Uniwersytetu Ekonomicznego w Katowicach,Katowice,2019
166,,,,,Wydawnictwo Uniwersytetu Gdañskiego,Gdañsk,2019
167,,,,386-394,Institute of Electrical and Electronics Engineers,New,2019
168,,,,56-68,Polskie Towarzystwo Informatyczne,Warszawa,2019
169,1 ,26,,195-211,Wydawnictwo Uniwersytetu Gdañskiego,Gdañsk,2019
170,,,,11-26,Wydawnictwo Uniwersytetu Ekonomicznego w Katowicach,Katowice,2019
171,,,,2-7,Wydawnictwo Uniwersytetu Ekonomicznego w Katowicach,Katowice,2019
172,,,,173-184,Wydawnictwo Uniwersytetu Ekonomicznego w Katowicach,Katowice,2019
173,,,,70-74,Wydawnictwo Uniwersytetu Ekonomicznego w Katowicach,Katowice,2019
174,,,,133-149,Wydawnictwo Uniwersytetu Ekonomicznego w Katowicach,Katowice,2019
175,,,,72-95,Wydawnictwo Uniwersytetu Ekonomicznego w Katowicach,Katowice,2019
176,,,,172-188,Wydawnictwo Uniwersytetu Ekonomicznego w Katowicach,Katowice,2019
177,,,,137-171,Wydawnictwo Akademii Wychowania Fizycznego w Katowicach,Katowice,2019
178,,,,46-56,Wydawnictwo Uniwersytetu Ekonomicznego w Katowicach,Katowice,2019
179,,,,,Wydawnictwo Uniwersytetu Ekonomicznego w Katowicach,Katowice,2019
180,,,,109-119,Wydawnictwo Akademii Wychowania Fizycznego w Katowicach,Katowice,2019
181,,,,3-4,Wydawnictwo Uniwersytetu Ekonomicznego w Katowicach,Katowice,2019
182,,,,5-11,Wydawnictwo Uniwersytetu Ekonomicznego w Katowicach,Katowice,2019
183,,,,,"University of South Bohemia in Ceske Budejovice, Faculty of Economics",Ceske,2019
184,2 ,18,,123-131,Wydawnictwo SGGW,Warszawa,2019
185,,,,,Wydawnictwo Uniwersytetu Ekonomicznego w Katowicach,Katowice,2019
186,,,,19-20,Wydawnictwo Uniwersytetu Ekonomicznego w Katowicach,Katowice,2019
187,32 ,10,,87-104,Wydawnictwo Uniwersytetu Ekonomicznego w Katowicach,Katowice,2019
188,,,,51-52,Publishing House of the University of Economics in Katowice,Katowice,2019
189,,,,20-26,Wydawnictwo Uniwersytetu Ekonomicznego w Katowicach,Katowice,2019
190,5 ,20,,1858-1869,Publishing House of the University of Economics in Katowice,Katowice,2019
191,4 ,,,41-60,Wydawnictwo Uniwersytetu Ekonomicznego w Katowicach,Katowice,2019
192,1 ,3,,83-86,Wydawnictwo Uniwersytetu Ekonomicznego w Katowicach,Katowice,2019
193,3 ,6,,,Wydawnictwo SGGW,Warszawa,2019
194,,,,215-224,Wydawnictwo Uniwersytetu Ekonomicznego w Katowicach,Katowice,2019
195,1 ,25,,50-66,Wydawnictwo SGGW,Warszawa,2019
196,,,,151-163,Wydawnictwo Uniwersytetu Ekonomicznego w Katowicach,Katowice,2019
197,,,,,Wydawnictwo Uniwersytetu Gdañskiego,Gdañsk,2019
198,,,,133-156,Wydawnictwo Uniwersytetu Ekonomicznego w Katowicach,Katowice,2019
199,1,17,,155-166,Wydawnictwo Uniwersytetu Ekonomicznego w Katowicach,Katowice,2019
200,,,,191-206,Wydawnictwo Uniwersytetu Ekonomicznego w Katowicach,Katowice,2019
201,2 ,23,,1-14,Wydawnictwo Uniwersytetu Ekonomicznego w Katowicach,Katowice,2019
202,,,,39-51,Wydawnictwo Uniwersytetu Ekonomicznego w Katowicach,Katowice,2019
203,,,,,Wydawnictwo Uniwersytetu Gdañskiego,Gdañsk,2019
204,,,,171-183,Wydawnictwo Uniwersytu l¹skiego,Katowice,2019
205,,,,83-99,Kyiv National University of Trade and Economics,Kyiv,2019
206,,,,27-38,Wydawnictwo Uniwersytetu Ekonomicznego w Katowicach,Katowice,2019
207,,,,45-57,VSB - Technical University of Ostrava,Ostrava,2019
208,,,,31-45,VSB - Technical University of Ostrava,Ostrava,2019
209,,,,352-372,Kyiv National University of Trade and Economics,Kyiv,2019
210,,,,,Wydawnictwo Uniwersytetu Ekonomicznego w Katowicach,Katowice,2019
211,,,,101-110,VSB - Technical University of Ostrava,Ostrava,2019
212,,,,,Wydawnictwo Uniwersytetu Ekonomicznego w Katowicach,Katowice,2019
213,,,,159-170,Wydawnictwo Uniwersytu l¹skiego,Katowice,2019
214,,,,28-49,VSB - Technical University of Ostrava,Ostrava,2019
215,1 ,71,,54-71,Wydawnictwo Uniwersytetu Ekonomicznego w Katowicach,Katowice,2019
216,,,,149-158,Wydawnictwo Uniwersytetu Gdañskiego,Gdañsk,2019
217,,,,11-27,Wydawnictwo Uniwersytetu Ekonomicznego w Katowicach,Katowice,2019
218,,,,237-250,Wydawnictwo Uniwersytetu Ekonomicznego w Katowicach,Katowice,2019
219,,,,24-29,UNWE Publishing Complex,Sofia,2019
220,,,,579-588,Wydawnictwo Naukowe Uniwersytetu Szczeciñskiego,Szczecin,2019
221,1 ,17,,212-238,Wydawnictwo Naukowe Uniwersytetu Szczeciñskiego,Szczecin,2019
222,,,,,Wydawnictwo Naukowe Uniwersytetu Szczeciñskiego,Szczecin,2019
223,,,,119-136,Wydawnictwo Naukowe Uniwersytetu Szczeciñskiego,Szczecin,2019
224,,,,100-118,CeDeWu,Warszawa,2019
225,,,,221-243,Wydawnictwo Uniwersytetu Ekonomicznego w Katowicach,Katowice,2019
226,,,,192-202,UNWE Publishing Complex,Sofia,2019
227,,,,263-280,Komitet Przestrzennego Zagospodarowania Kraju PAN,Warszawa,2019
228,,,,203-220,Wydawnictwo Uniwersytetu Ekonomicznego w Katowicach,Katowice,2019
229,,,,,Wydawnictwo Uniwersytetu Ekonomicznego w Katowicach,Katowice,2019
230,,,,83-98,Wolters Kluwer,Warszawa,2019
231,,,,205-211,Wydawnictwo Uniwersytetu Ekonomicznego w Katowicach,Katowice,2019
232,,,,209-228,Wydawnictwo Uniwersytetu Ekonomicznego w Katowicach,Katowice,2019
233,,,,135-149,Dom Wydawniczy ELIPSA,Warsaw,2019
234,,,,,"University of South Bohemia in Ceske Budejovice, Faculty of Economics",Ceske,2019
235,,,,133-141,VSB - Technical University of Ostrava,Ostrava,2019
236,,,,29-44,Wydawnictwo Uniwersytetu Ekonomicznego w Katowicach,Katowice,2019
237,,,,276-288,Dom Wydawniczy ELIPSA,Warsaw,2019
238,,,,,Wydawnictwo Uniwersytetu Ekonomicznego w Katowicach,Katowice,2019
239,,,,,Wydawnictwo Uniwersytetu Ekonomicznego w Katowicach,Katowice,2019
240,,,,247-259,Wydawnictwo Naukowe Uniwersytetu Przyrodniczo-Humanistycznego w Siedlcach,Siedlce,2019
241,,,,260-275,Ekonomiceskij fakultet MGU imieni M.V. Lomonosova,Moskva,2019
242,,,,,Publishing House of the University of Economics in Katowice,Katowice,2019
243,4 ,55,,319-330,,Katowice,
244,,,,39-48,Wydawnictwo Naukowe Scholar,Warszawa,2019
245,,,,,Publishing House of the University of Economics in Katowice,Katowice,2019
246,4 ,19,,993-1032,Publishing House of the University of Economics in Katowice,Katowice,2019
247,,,,183-190,,Katowice,
248,,,,,Wydawnictwo Uniwersytetu Ekonomicznego w Katowicach,Katowice,2019
249,,,,,Wydawnictwo Uniwersytetu Ekonomicznego w Katowicach,Katowice,2019
250,,,,,Wydawnictwo Uniwersytetu Ekonomicznego w Katowicach,Katowice,2019
251,,,,236-252,Ekonomiceskij fakultet MGU imieni M.V. Lomonosova,Moskva,2019
252,,,,95-108,Wydawnictwo Uniwersytetu Ekonomicznego w Katowicach,Katowice,2019
253,,,,285-303,Wydawnictwo Uniwersytetu Ekonomicznego w Katowicach,Katowice,2019
254,,,,66-74,Wydawnictwo Naukowe Uniwersytetu Przyrodniczo-Humanistycznego w Siedlcach,Siedlce,2019
255,,,,152-160,Wydawnictwo Uniwersytetu Ekonomicznego w Katowicach,Katowice,2019
256,,,,,Springer,Cham,2019
257,,,,,Wydawnictwo Uniwersytetu Ekonomicznego w Katowicach,Katowice,2019
258,,,,193-210,Wydawnictwo Uniwersytetu Ekonomicznego w Katowicach,Katowice,2019
259,,,,249-255,Wydawnictwo Uniwersytetu Ekonomicznego w Katowicach,Katowice,2019
260,,,,155-164,Springer,Cham,2019
261,,,,103-111,Springer,Cham,2019
262,,,,211-235,Wolters Kluwer,Warszawa,2019
263,,,,81-92,Lviv Polytechnic National University,Lviv,2019
264,,,,191-201,Springer,Cham,2019
265,,,,,Wydawnictwo Naukowe Uniwersytetu Szczeciñskiego,Szczecin,2019
266,,,,53-64,Wydawnictwo Naukowe PWN,Warszawa,2019
267,,,,123-132,Springer,Cham,2019
268,,,,44-54,Edizioni Scientifiche Italiane,Napoli,2019
269,,,,276-289,Edizioni Scientifiche Italiane,Napoli,2019
270,,,,23-40,Springer,Cham,2019
271,5 ,17,,111-131,Springer,Cham,2019
272,,,,155-177,Wydawnictwo Spo³ecznej Akademii Nauk,,2019
273,5 ,17,,24-39,Wydawnictwo Uniwersytetu Ekonomicznego w Katowicach,Katowice,2019
274,,,,69-79,Wydawnictwo Naukowe Tygiel,Lublin,2019
275,,,,154-174,Publishing House of the University of Economics in Katowice,Katowice,2019
276,,,,175-184,Wydawnictwo Naukowe Tygiel,Lublin,2019
277,,,,140-153,Wydawnictwo Spo³ecznej Akademii Nauk,,2019
278,,,,22-30,Wydawnictwo Naukowe Scholar,Warszawa,2019
279,,,,62-83,Wydawnictwo Uniwersytetu Ekonomicznego w Katowicach,Katowice,2019
280,,,,47-62,Wydawnictwo Spo³ecznej Akademii Nauk,,2019
281,,,,,"Pañstwowa Wy¿sza Szko³a Zawodowa im. Jana Grodka w Sanoku : Polskie Towarzystwo Historyczne, oddzia³ w Sanoku",Sanok,2019
282,,,,415-420,Diamond Scientific Publication,Vilnius,2019
283,,,,31-33,"Pañstwowa Wy¿sza Szko³a Zawodowa im. Jana Grodka w Sanoku : Polskie Towarzystwo Historyczne, oddzia³ w Sanoku",Sanok,2019
284,,,,,IGI Global ; Business Science Reference,Hershey,2019
285,,,,109-147,Adam Mickiewicz University in Poznañ. Scientific Publisher of the Faculty of Political Science and Journalism,Poznañ,2019
286,,,,99-109,Adam Mickiewicz University in Poznañ. Scientific Publisher of the Faculty of Political Science and Journalism,Poznañ,2019
287,,,,31-39,Wydawnictwo Uniwersytetu l¹skiego,Katowice,2019
288,,,,187-210,Difin,Warszawa,2019
289,,159,,2616-2628,IGI Global ; Business Science Reference,Hershey,2019
290,,,,23-36,CeDeWu,Warszawa,2019
291,,,,,Wydawnictwo C.H. Beck,Warszawa,2019
292,,,,11-22,Wydawnictwo Politechniki Czêstochowskiej,Czêstochowa,2019
293,,,,,Oficyna Wydawnicza Politechniki Rzeszowskiej,Rzeszów,2019
294,,,,15-29,Uniwersytet Ekonomiczny we Wroc³awiu,Wroc³aw,2019
295,,,,167-183,Mateusz Weiland Network Solutions,S³upsk,2019
296,,,,2-8,Oficyna Wydawnicza Politechniki Rzeszowskiej,Rzeszów,2019
297,,,,209-221,Mateusz Weiland Network Solutions,S³upsk,2019
298,,,,11-21,Uniwersytet Ekonomiczny we Wroc³awiu,Wroc³aw,2019
299,,,,,Wydawnictwo Naukowe Wydzia³u Zarz¹dzania Uniwersytetu Warszawskiego,Warszawa,2019
300,,,,73-86,Wydawnictwo Naukowe Wydzia³u Zarz¹dzania Uniwersytetu Warszawskiego,Warszawa,2019
301,,,,41-53,Wydawnictwo Naukowe Wydzia³u Zarz¹dzania Uniwersytetu Warszawskiego,Warszawa,2019
302,,,,,Wydawnictwo Uniwersytetu Ekonomicznego w Katowicach,Katowice,2019
303,,,,76-86,MELANDRIUM,Libuse,2019
304,,,,,Wydawnictwo Uniwersytetu Ekonomicznego w Katowicach,Gdañsk,2019
305,,,,55-75,Wydawnictwo Uniwersytetu Ekonomicznego w Katowicach,Katowice,2019
306,,,,,CeDeWu,Warszawa,2019
307,,,,101-117,Wydawnictwo Uniwersytetu Gdañskiego,Gdañsk,2019
308,,,,81-108,,Herson,
309,,,,99-107,,Herson,
310,,,,87-98,Wydawnictwo Uniwersytetu Ekonomicznego w Katowicach,Katowice,2019
311,,,,,Wydawnictwo Uniwersytetu Gdañskiego,Gdañsk,2019
312,,,,20-37,MELANDRIUM,Libuse,2019
313,,,,37-44,Wydawnictwo Uniwersytetu Ekonomicznego w Katowicach,Katowice,2019
314,,,,58-62,Wydawnictwo Uniwersytetu Gdañskiego,Gdañsk,2019
315,,,,279-289,Wydawnictwo Uniwersytetu Ekonomicznego w Katowicach,Katowice,2019
316,,,,68-80,Springer International Publishing,Cham,2019
317,,,,61-77,Wydawnictwo Uniwersytetu Ekonomicznego w Katowicach,Katowice,2019
318,,,,13-39,Wydawnictwo Uniwersytetu l¹skiego,Katowice,2019
319,,,,40-67,M³odzi Naukowcy,Poznañ,2019
320,,,,493-503,M³odzi Naukowcy,Poznañ,2019
321,,,,145-168,M³odzi Naukowcy,Poznañ,2019
322,,,,125-141,M³odzi Naukowcy,Poznañ,2019
323,,,,,Wydawnictwo Uniwersytetu l¹skiego,Katowice,2019
324,,,,19-31,M³odzi Naukowcy,Poznañ,2019
325,,63,,143-153,CeDeWu,Warszawa,2019
326,,,,124-130,Wydawnictwo Uniwersytetu Ekonomicznego w Katowicach,Katowice,2019
327,,,,261-278,M³odzi Naukowcy,Poznañ,2019
328,,,,21-24,Wydawnictwo Uniwersytetu Ekonomicznego w Katowicach,Katowice,2019
329,,,,,M³odzi Naukowcy,Poznañ,2019
330,,,,243-260,Diamond Scientific Publication,Rome,2019
331,,,,133-152,Diamond Scientific Publication,Rome,2019
332,,,,167-173,"rys., tab.",Sofia,2019
333,,,,35-43,Diamond Scientific Publication,Rome,2019
334,,,,,rys.,Sofia,2019
335,3 ,20,,424-445,Wydawnictwo Uniwersytetu Ekonomicznego w Katowicach,Katowice,2019
336,,,,81-113,Wydawnictwo Uniwersytetu Ekonomicznego w Katowicach,Katowice,2019
337,31 ,51,,3389-3400,Academic Conferences and Publishing International Limited,Reading,2019
338,,,,5-12,Wydawnictwo Uniwersytetu Ekonomicznego w Katowicach,Katowice,2019
339,,,,,Academic Conferences and Publishing International Limited,Reading,2019
340,,,,301-313,Publishing House of the University of Economics in Katowice,Katowice,2019
341,,,,291-299,Wydawnictwo Politechniki Czêstochowskiej,Czêstochowa,2019
342,,,,13473-13488,Springer,Cham,2019
343,2 ,6,,76-88,Springer,Cham,2019
344,2 ,13,,81-88,Springer,Cham,2019
345,,,,37-50,Springer,Cham,2019
346,340 ,1,,73-89,Springer,Cham,2019
347,,,,197-208,Springer,Cham,2019
348,2 ,6,,22-31,Wydawnictwo Politechniki Czêstochowskiej,Czêstochowa,2019
349,2 ,35,,193-203,Springer,Cham,2019
350,,,,180002-1,Springer,Cham,2019
351,,,,191-207,Springer,Cham,2019
352,,,,200-223,Springer,Cham,2019
353,1 ,18,,61-72,Publishing House of the University of Economics in Katowice,Katowice,2019
354,,,,53-67,Publishing House of the University of Economics in Katowice,Katowice,2019
355,,,,10869-10879,Publishing House of the University of Economics in Katowice,Katowice,2019
356,,,,12816-12822,Publishing House of the University of Economics in Katowice,Katowice,2019
357,,122,,218-230,Publishing House of the University of Economics in Katowice,Katowice,2019
358,,,,155-169,Publishing House of the University of Economics in Katowice,Katowice,2019
359,,,,139-152,Wydawnictwo Poltext,Warszawa,2019
360,,,,411-428,University of Hawai'i at Manoa,Manoa,2019
361,,,,117-124,University of Hawai'i at Manoa,Manoa,2019
362,,,,,CeDeWu,Warszawa,2019
363,,,,,Wydawnictwo SGGW,Warszawa,2019
364,3 ,11,,,Wydawnictwo AMPoligrafia,Katowice,2019
365,,,,,Wydawnictwo SGGW,Warszawa,2019
366,,,,,Wydawnictwo C.H. Beck,Warszawa,2019
367,,164,,11-18,Springer Nature Switzerland,Cham,2019
368,,,,9-25,Difin,Warszawa,2019
369,,,,133-148,Springer Nature Switzerland,Cham,2019
370,,,,91-107,Springer Nature Switzerland,Cham,2019
371,4 ,23,,80-95,Obuda University Keleti Faculty of Business and Management,Budapest,2019
372,140 ,,,351-364,Wydawnictwo C.H. Beck,Warszawa,2019
373,139 ,,,575-586,Obuda University Keleti Faculty of Business and Management,Budapest,2019
374,,,,,Wydawnictwo Uniwersytetu Ekonomicznego w Katowicach,Katowice,2019
375,2 ,59,,116-126,Springer Nature Switzerland,Cham,2019
376,4 ,10,,589-602,Obuda University Keleti Faculty of Business and Management,Budapest,2019
377,,,,57-68,SportWin,Poznañ,2019
378,,,,,Masaryk University,Brno,2019
379,,,,21-43,Masaryk University,Brno,2019
380,,,,122-134,Varazdin Development and Entrepreneurship Agency,Varazdin,2019
381,,,,135-144,Study Centre for European Policy Studies (CEPS),Lisbon,2019
382,,,,95-107,"Centre for Research in Political Science, International Relations and Security (CICPRIS)",Lisbon,2019
383,,,,108-121,Fundacao para a Ciencia e a Tecnologia (FCT),Lisbon,2019
384,,63,,19-28,"The Research Unit on Governance, Competitiveness and Public Policies (GOVCOPP)",Aveiro,2019
385,,,,,University North,Koprivnica,2019
386,,63,,78-89,Faculty of Management University of Warsaw,Warsaw,2019
387,,,,45-54,"Faculty of Law, Economics and Social Sciences Sale - Mohammed V University in Rabat",Rabat,2019
388,,,,9-22,Masaryk University,Brno,2019
389,,,,,Varazdin Development and Entrepreneurship Agency,Varazdin,2019
390,,,,,Study Centre for European Policy Studies (CEPS),Lisbon,2019
391,,,,49-59,"Centre for Research in Political Science, International Relations and Security (CICPRIS)",Lisbon,2019
392,4 ,20,,153-166,Fundacao para a Ciencia e a Tecnologia (FCT),Lisbon,2019
393,,,,163-176,"The Research Unit on Governance, Competitiveness and Public Policies (GOVCOPP)",Aveiro,2019
394,3 ,7,,120-125,University North,Koprivnica,2019
395,3 ,20,,9-19,Faculty of Management University of Warsaw,Warsaw,2019
396,,,,,"Faculty of Law, Economics and Social Sciences Sale - Mohammed V University in Rabat",Rabat,2019
397,,,,79-93,Izdatel'stvo Kazanskogo Universiteta,Kazan,2019
398,4 ,14,,742-749,Wydawnictwo Uniwersytetu Ekonomicznego w Katowicach,Katowice,2019
399,,38,,67-88,Varazdin Development and Entrepreneurship Agency,Varazdin,2019
400,,,,,Pearson College London,London,2019
401,,,,,University North,Koprivnica,2019
402,,,,,Faculty of Management University of Warsaw,Warsaw,2019
403,,,,20-32,"Faculty of Law, Economics and Social Sciences Sale - Mohammed V University in Rabat",Rabat,2019
404,,,,104-114,Izdatel'stvo Kazanskogo Universiteta,Kazan,2019
405,,,,36-43,Wydawnictwo Naukowe Akademii WSB,D¹browa,2019
406,,,,157-164,Polskie Towarzystwo Ekonomiczne w Katowicach,Katowice,2019
407,,,,,SportWin,Poznañ,2019
408,,,,37-49,"Vydavate'lstvo EKONÓM, University of Economics in Bratislava",Bratislava,
409,,,,62-71,Wydawnictwo Naukowe Akademii WSB,D¹browa,2019
410,,,,72-83,Polskie Towarzystwo Ekonomiczne w Katowicach,Katowice,2019
411,,,,40-51,Springer,Cham,2019
412,,,,52-61,"Vydavate'lstvo EKONÓM, University of Economics in Bratislava",Bratislava,2019
413,,,,20-29,Springer,Cham,2019
414,,,,30-39,Wydawnictwo Naukowe Akademii WSB,D¹browa,2019
415,,,,313-333,Polskie Towarzystwo Ekonomiczne w Katowicach,Katowice,2019
416,,,,129-139,Springer,Cham,2019
417,,,,,Monetary Research Center,Sofia,2019
418,,,,7-19,Monetary Research Center,Sofia,2019
419,,,,50-60,Wydawnictwo Naukowe Akademii WSB,D¹browa,2019
420,,,,251-270,Polskie Towarzystwo Ekonomiczne w Katowicach,Katowice,2019
421,,,,86-110,Wydawnictwo Naukowe Akademii WSB,D¹browa,2019
422,,,,1319-1328,Polskie Towarzystwo Ekonomiczne w Katowicach,Katowice,2019
423,1 ,7,,102-126,Wydawnictwo Uniwersytetu Gdañskiego,Gdañsk,2019
424,,,,,Wydawnictwo Uniwersytetu Ekonomicznego w Katowicach,Katowice,2019
425,,,,,Wydawnictwo Uniwersytetu Gdañskiego,Gdañsk,2019
426,22 ,9,,104-114,Wydawnictwo Uniwersytetu Ekonomicznego w Katowicach,Katowice,2019
427,,,,111-124,Wydawnictwo Uniwersytetu Ekonomicznego w Katowicach,Katowice,2019
428,1,73,,182-193,Wydawnictwo Sejmowe,Warszawa,2019
429,,,,287-292,Wydawnictwo Uniwersytetu Ekonomicznego w Katowicach,Katowice,2019
430,,,,,Wydawnictwo Politechniki Czêstochowskiej,Czestochowa,2019
431,,,,11-32,Wydawnictwo Sejmowe,Warszawa,2019
432,,,,175-188,Wydawnictwo Uniwersytetu Marii Curie-Sk³odowskiej,Lublin,2019
433,,,,48-53,Wydawnictwo Uniwersytetu Ekonomicznego w Katowicach,Katowice,2019
434,,,,,Wydawnictwo Uniwersytetu Marii Curie-Sk³odowskiej,Lublin,2019
435,,,,,Wydawnictwo Uniwersytetu Ekonomicznego w Katowicach,Katowice,2019
436,,,,48-85,Wydawnictwo Uniwersytetu Ekonomicznego w Katowicach,Katowice,2019
437,,,,137-158,Wydawnictwo Uniwersytetu Ekonomicznego w Katowicach,Katowice,2019
438,,,,,Wydawnictwo Uniwersytetu Ekonomicznego w Katowicach,Katowice,2019
439,,,,,Wydawnictwo Uniwersytetu Ekonomicznego w Katowicach,Katowice,2019
440,,,,209-235,Varazdin Development and Entrepreneurship Agency,Varazdin,2019
441,,,,55-70,Pearson College London,London,2019
442,,,,75-85,University North,Koprivnica,2019
443,,,,,Faculty of Management University of Warsaw,Warsaw,2019
444,,,,12-19,"Faculty of Law, Economics and Social Sciences Sale - Mohammed V University in Rabat",Rabat,2019
445,,,,238-248,,Toruñ,
446,,,,137-142,Varazdin Development and Entrepreneurship Agency,Varazdin,2019
447,22 ,9,,76-85,Pearson College London,London,2019
448,,,,111-124,University North,Koprivnica,2019
449,,,,11-24,Faculty of Management University of Warsaw,Warsaw,2019
450,,,,131-136,"Faculty of Law, Economics and Social Sciences Sale - Mohammed V University in Rabat",Rabat,2019
451,,,,,Wydawnictwo Uniwersytetu Ekonomicznego w Katowicach,Katowice,2019
452,,,,25-38,Wydawnictwo Proksenia,Poznañ,2019
453,,,,88-100,Wydawnictwo Uniwersytetu £ódzkiego,,2019
454,,,,41-47,,Toruñ,
455,,,,163-165,Wydawnictwo Uniwersytetu Ekonomicznego w Katowicach,Katowice,2019
456,,,,124-130,Wydawnictwo Proksenia,Poznañ,2019
457,,,,,Wydawnictwo Proksenia,Poznañ,2019
458,,,,35-40,Wydawnictwo Uniwersytetu Ekonomicznego w Katowicach,Katowice,2019
459,,,,205-216,Wydawnictwo Uniwersytetu £ódzkiego,,2019
460,,,,13-47,Varazdin Development and Entrepreneurship Agency,Varazdin,2019
461,,,,,Pearson College London,London,2019
462,,,,205-235,University North,Koprivnica,2019
463,,,,46-52,Faculty of Management University of Warsaw,Warsaw,2019
464,,,,67-78,"Faculty of Law, Economics and Social Sciences Sale - Mohammed V University in Rabat",Rabat,2019
465,,,,,Ko³o Naukowe Systemów Komunikacyjnych Politechniki Krakowskiej im. T. Kociuszki,Kraków,2019
466,,,,7-16,Urz¹d Komisji Nadzoru Finansowego,Warszawa,2019
467,,,,145-156,Wydawnictwo Uniwersytetu Ekonomicznego w Katowicach,Katowice,2019
468,,,,99-110,Ko³o Naukowe Systemów Komunikacyjnych Politechniki Krakowskiej im. T. Kociuszki,Kraków,2019
469,,,,,Wydawnictwo Uniwersytetu Ekonomicznego w Katowicach,Katowice,2019
470,2 ,11,,,Wydawnictwo Uniwersytetu Ekonomicznego w Katowicach,Katowice,2019
471,,,,16-22,Wydawnictwo Uniwersytetu Ekonomicznego w Katowicach,Katowice,2019
472,1 ,39,,29-44,Wydawnictwo Uniwersytetu Ekonomicznego w Katowicach,Katowice,2019
473,,,,483-491,Wydawnictwo Uniwersytetu Ekonomicznego w Katowicach,Katowice,2019
474,,,,20-66,Izdatel'stvo Kazanskogo Universiteta,Kazan,2019
475,,,,9-19,Varazdin Development and Entrepreneurship Agency,Varazdin,2019
476,,,,732-739,Pearson College London,London,2019
477,,,,243-254,University North,Koprivnica,2019
478,,,,,Faculty of Management University of Warsaw,Warsaw,2019
479,,1,,,"Faculty of Law, Economics and Social Sciences Sale - Mohammed V University in Rabat",Rabat,2019
480,,,,104-113,Wydawnictwo Uniwersytetu Ekonomicznego w Katowicach,Katowice,2019
481,,,,127-139,Institute for Sustainability Science and Technology (ISST-UPC) Universitat Politecnica de CatalunyaBarcelonaTech,Barcelona,2019
482,3 ,4,,,Lvivskiy Nacionalnyi Universitet imeni Ivana Franka,Lviv,2019
483,,,,,Wydawnictwo Uniwersytetu Ekonomicznego w Katowicach,Katowice,2019
484,2 ,141,,861-871,Springer,Cham,2019
485,,,,171-187,Wydawnictwo Uniwersytetu Ekonomicznego we Wroc³awiu,Wroc³aw,2019
486,,,,157-169,Lvivskiy Nacionalnyi Universitet imeni Ivana Franka,Lviv,2019
487,6 ,98,,2391-2424,Wydawnictwo Uniwersytetu Ekonomicznego w Katowicach,Katowice,2019
488,,,,241-252,Wydawnictwo Uniwersytetu Ekonomicznego w Katowicach,Katowice,2019
489,,,,3-16,Wydawnictwo Uniwersytetu Ekonomicznego w Katowicach,Katowice,2019
490,1 ,7,,525-539,Springer,Cham,2019
491,,,,,Wydawnictwo Uniwersytetu Ekonomicznego w Katowicach,Katowice,2019
492,,,,422-433,Wydawnictwo Uniwersytetu Ekonomicznego w Katowicach,Katowice,2019
493,,,,,Wydawnictwo Uniwersytetu Marii Curie-Sk³odowskiej,Lublin,2019
494,,,,122-132,Wydawnictwo Politechniki Czêstochowskiej,Czestochowa,2019
495,,,,145-154,AGH University of Science and Technology Press,Kraków,2019
496,,,,,Elsevier,Amsterdam,2019
497,,,,,AGH University of Science and Technology Press,Kraków,2019
498,,,,13-23,Springer,Cham,2019
499,,,,53-71,Elsevier,Amsterdam,2019
500,,,,,Institute for Sustainability Science and Technology (ISST-UPC) Universitat Politecnica de Catalunya,Barcelona,2019
501,,,,,Wydawnictwo Uniwersytetu Rzeszowskiego,Rzeszów,2019
502,16 ,11,,,Institute for Sustainability Science and Technology (ISST-UPC) Universitat Politecnica de Catalunya,Barcelona,2019
503,,,,68-77,Editura Economica,Bucharest,2019
504,,,,56-67,Institute for Sustainability Science and Technology (ISST-UPC) Universitat Politecnica de CatalunyaBarcelonaTech,Barcelona,2019
505,,,,103-118,Springer,Cham,2019
506,,,,92-102,Institute for Sustainability Science and Technology (ISST-UPC) Universitat Politecnica de Catalunya,Barcelona,2019
507,,,,5-19,Wydawnictwo Uniwersytetu Rzeszowskiego,Rzeszów,2019
508,,,,20-30,Editura Economica,Bucharest,2019
509,,,,,University College of Inspection and Personnel Management in Split,Split,2019
510,1 ,11,,,The University of Applied Sciences Baltazar,Zapresic,2019
511,4 ,24,,445-468,University North,Koprivnica,2019
512,,,,35-54,Faculty of Management University of Warsaw,Warsaw,2019
513,3 ,,,625-651,"Faculty of Law, Economics and Social Sciences Sale - Mohammed V University in Rabat",Rabat,2019
514,,,,101-114,Varazdin Development and Entrepreneurship Agency,Varazdin,2019
515,1 ,19,,98-109,University College of Inspection and Personnel Management in Split,Split,2019
516,,,,20-34,The University of Applied Sciences Baltazar,Zapresic,2019
517,2 ,33,,220-232,University North,Koprivnica,2019
518,,,,283-294,Faculty of Management University of Warsaw,Warsaw,2019
519,,,,1-7,"Faculty of Law, Economics and Social Sciences Sale - Mohammed V University in Rabat",Rabat,2019
520,,,,51-60,Varazdin Development and Entrepreneurship Agency,Varazdin,2019
521,,,,17-27,The University of Applied Sciences Baltazar,Zapresic,2019
522,,,,179-194,University North,Koprivnica,2019
523,,,,227-262,Faculty of Management University of Warsaw,Warsaw,2019
524,,,,201-211,"Faculty of Law, Economics and Social Sciences Sale - Mohammed V University in Rabat",Rabat,2019
525,,2019,,,Varazdin Development and Entrepreneurship Agency,Varazdin,2019
526,,,,609-618,University College of Inspection and Personnel Management in Split,Split,2019
527,,,,319-328,The University of Applied Sciences Baltazar,Zapresic,2019
528,,,,,University North,Koprivnica,2019
529,,,,214-234,Faculty of Management University of Warsaw,Warsaw,2019
530,1 ,13,,1-11,"Faculty of Law, Economics and Social Sciences Sale - Mohammed V University in Rabat",Rabat,2019
531,,14,,119-143,Wydawnictwo Uniwersytetu Ekonomicznego w Katowicach,Katowice,2019
532,,,,409-424,CeDeWu,Warszawa,2019
533,,,,248-251,Wydawnictwo Uniwersytetu Ekonomicznego w Poznaniu,Poznañ,2019
534,,,,,Wydawnictwo Uniwersytetu Gdañskiego,Gdañsk,2019
535,,,,1-7,Wy¿sza Szko³a Zarz¹dzania i Administracji w Opolu,Opole,2019
536,,,,319-335,Wydawnictwo Naukowe Wydzia³u Zarz¹dzania Uniwersytetu Warszawskiego,Warszawa,2019
537,1 ,13,,62-71,Woronezskij Gosudarstvennyj Pedagogiceskij Universitet,Worone,2019
538,,,,95-102,ISEN Yncréa Méditerranée,Toulon,2019
539,,,,103-128,Wydawnictwo Uniwersytetu Ekonomicznego w Katowicach,Katowice,2019
540,,,,,Wy¿sza Szko³a Zarz¹dzania i Administracji w Opolu,Opole,2019
541,,11,,22-31,Wydawnictwo C.H. Beck,Warszawa,2019
542,,,,,Wydawnictwo Uniwersytetu Ekonomicznego w Katowicach,Katowice,2019
543,,31,,75-80,Alanya Alaaddin Keykubat University,Alanya,2019
544,7 ,5, e01970,,Wydawnictwo Uniwersytetu Ekonomicznego w Katowicach,Katowice,2019
545,,,,77-95,CeDeWu,Warszawa,2019
546,4 ,20,,147-170,Alanya Alaaddin Keykubat University,Alanya,2019
547,,,,373-392,Wydawnictwo Naukowe Scholar,Warszawa,2019
548,,,,44-45,Alanya Alaaddin Keykubat University,Alanya,2019
549,,,,,Diamond Scientific Publication,Vilnius,2019
550,,,,173-186,Diamond Scientific Publication,Vilnius,2019
551,,,,282-289,Vilnius Gediminas Technical University,Vilnius,2019
552,,,,37-38,,Vilnius,
553,1 ,11,,74-84,Palgrave Macmillan,Singapore,2019
554,,,,25-26,Diamond Scientific Publication,Vilnius,2019
555,,,,603-609,Diamond Scientific Publication,Vilnius,2019
556,,,,,Palgrave Macmillan,Singapore,2019
557,4 ,2,,57-65,Institute of Economic Research,Olsztyn,2019
558,3 ,2,,24-35,Wydawnictwo C.H. Beck,Warszawa,2019
559,,,,418-425,Institute of Economic Research,Olsztyn,2019
560,,,,47-48,Institute of Economic Research,Olsztyn,2019
561,,,,327-343,Wydawnictwo Uniwersytetu Jagielloñskiego,Kraków,2019
562,,,,,Wydawnictwo Uniwersytetu Ekonomicznego w Katowicach,Katowice,2019
563,,,,,Institute of Economic Research,Olsztyn,2019
564,,,,301-305,CeDeWu,Warszawa,2019
565,,63,,81-90,Institute of Economic Research,Olsztyn,2019
566,,,,,Wydawnictwo Uniwersytetu Ekonomicznego w Katowicach,Katowice,2019
567,,,,,Wydawnictwo Uniwersytetu Jagielloñskiego,Kraków,2019
568,,,,23-36,Wydawnictwo Uniwersytetu Ekonomicznego w Katowicach,Katowice,2019
569,1 ,,,9-21,Wydawnictwo Uniwersytetu Ekonomicznego w Katowicach,Katowice,2019
570,,,,,Wydawnictwo Uniwersytetu Ekonomicznego w Katowicach,Katowice,2019
571,,,,59-81,Institute of Economic Research,Olsztyn,2019
572,,,,,Vilnius Gediminas Technical University,Vilnius,2019
573,,,,306-316,,Vilnius,
574,,,,93-102,Wydawnictwo Uniwersytetu Ekonomicznego w Katowicach,Katowice,2019
575,,,,37-48,Academic Conferences and Publishing International Limited,Reading,2019
576,,,,40-41,ISEN Yncréa Méditerranée,Toulon,2019
577,,,,270-278,Wydawnictwo Uniwersytetu Ekonomicznego w Katowicach,Katowice,2019
578,,,,259-269,Wydawnictwo Uniwersytetu l¹skiego,Katowice,2019
579,,110,,232-252,Wydawnictwo Uniwersytetu Ekonomicznego w Katowicach,Katowice,2019
580,,,,103-116,Academic Conferences and Publishing International Limited,Reading,2019
581,,,,273-287,Institute of Economic Research,Olsztyn,2019
582,,,,83-101,Wydawnictwo Uniwersytetu Ekonomicznego w Katowicach,Katowice,2019
583,,,,113-130,Varazdin Development and Entrepreneurship Agency,Varazdin,2019
584,2 ,28,,5-21,"Facultad de Ciencias Economicas, Universidad de Buenos Aires",Buenos,2019
585,,,,,Faculty of Management University of Warsaw,Warsaw,2019
586,1 ,9,,32-46,"University of Belgrade, Faculty of Organizational Sciences",Belgrade,2019
587,,,,88-94,"Slovenian Society Informatika, Section for Operational Research",Ljubljana,2019
588,,,,,Springer,Cham,2019
589,,63,,77-87,"Slovenian Society Informatika, Section for Operational Research",Ljubljana,2019
590,,,,205-218,Springer,Cham,2019
591,,,,98-108,Springer,Cham,2019
592,,,,15-30,"Slovenian Society Informatika, Section for Operational Research",Ljubljana,2019
593,,,,171-181,Springer,Cham,2019
594,,,,111-120,Varazdin Development and Entrepreneurship Agency,Varazdin,2019
595,,,,75-87,"Facultad de Ciencias Economicas, Universidad de Buenos Aires",Buenos,2019
596,,,,32-40,University North,Koprivnica,2019
597,,,,99-110,Faculty of Management University of Warsaw,Warsaw,2019
598,,,,25-43,Economics and Social Sciences Sale - Mohammed V University in Rabat,Rabat,2019
599,,,,11-24,Institute of Economic Research,Olsztyn,2019
600,,,,196-204,Oficyna Wydawnicza SGH - Szko³a G³ówna Handlowa w Warszawie,Warszawa,2019
601,,,,,Wydawnictwo C.H. Beck,Warszawa,2019
602,,,,241-253,Wy¿sza Szko³a Zarz¹dzania i Administracji w Opolu,Opole,2019
603,,,,301-308,Wydawnictwo C.H. Beck,Warszawa,2019
604,,,,,Wydawnictwo C.H. Beck,Warszawa,2019
605,,,,111-122,Institute of Economic Research,Olsztyn,2019
606,,,,,Wydawnictwo Naukowe PWN,Warszawa,2019
607,,,,115-124,Institute of Economic Research,Olsztyn,2019
608,,,,122-127,CeDeWu,Warszawa,2019
609,,,,46-56,Institute of Economic Research,Olsztyn,2019
610,,,,132-139,Oficyna Wydawnicza SGH - Szko³a G³ówna Handlowa w Warszawie,Warszawa,2019
611,,,,,"Instytut Dziennikarstwa, Mediów i Komunikacji Spo³ecznej Uniwersytetu Jagielloñskiego",Kraków,2019
612,,,,78-109,Wydawnictwo ToC,Nowy,2019
613,,,,44-77,Wydawnictwo Uniwersytetu Gdañskiego,Gdañsk,2019
614,,,,133-146,Wydawnictwo Uniwersytetu Gdañskiego,Gdañsk,2019
615,,,,110-132,Wydawnictwo C.H. Beck,Warszawa,2019
616,,,,352-356,"Instytut Dziennikarstwa, Mediów i Komunikacji Spo³ecznej Uniwersytetu Jagielloñskiego",Kraków,2019
617,,,,352-357,Wydawnictwo ToC,Nowy,2019
618,,,,22-31,Wydawnictwo C.H. Beck,Warszawa,2019
619,,,,197-247,"Faculty of Mass Media Communication, University of Ss. Cyril and Methodius in Trnava",Trnava,2019
620,,,,271-275,Wydawnictwo Politechniki Czêstochowskiej,Czêstochowa,2019
621,,,,193-199,Wydawnictwo Uniwersytetu Gdañskiego,Gdañsk,2019
622,,,,184-196,Instytut Pamiêci Narodowej - Komisja cigania Zbrodni przeciwko Narodowi Polskiemu,Katowice,2019
623,,,,177-188,"Slovenian Society Informatika, Section for Operational Research",Ljubljana,2019
624,,,,,"Faculty of Mass Media Communication, University of SS. Cyril and Methodius in Trnava, Slovakia",Trnava,2019
625,,,,1828-1831,"Faculty of Mass Media Communication, University of SS. Cyril and Methodius in Trnava, Slovakia",Trnava,2019
626,1 ,41,,15-22,Wydawnictwo Uniwersytetu Marii Curie-Sk³odowskiej,Lublin,2019
627,,,,126-159,Instytut Pamiêci Narodowej - Komisja cigania Zbrodni przeciwko Narodowi Polskiemu,Katowice,2019
628,,,,85-125,Wydawnictwo Uniwersytetu Marii Curie-Sk³odowskiej,Lublin,2019
629,,,,135-150,"Faculty of Mass Media Communication, University of Ss. Cyril and Methodius in Trnava",Trnava,2019
630,,,,170-183,Kancelaria Senatu,Warszawa,2019
631,,,,,"Slovenian Society Informatika, Section for Operational Research",Ljubljana,2019
632,,8,,26-36,Kancelaria Senatu,Warszawa,2019
633,,,,160-169,Springer,Cham,2019
634,,,,313-324,Emerald Publishing Limited,Bingley,2019
635,,,,211-219,Wydawnictwo Politechniki £ódzkiej,,2019
636,,,,67-84,Governance Research and Development Centre (CIRU),Zagreb,2019
637,2 ,12,,250-266,Wydawnictwo Politechniki £ódzkiej,,2019
638,,,,61-74,Wydawnictwo Akademii Pedagogiki Specjalnej,Warszawa,2019
639,,,,39-49,Wydawnictwo Akademii Pedagogiki Specjalnej,Warszawa,2019
640,,,,83-90,CeDeWu,Warszawa,2019
641,,,,,Wydawnictwo Uniwersytetu Ekonomicznego w Poznaniu,Poznañ,2019
642,,,,,C.H. Beck,Warszawa,2019
643,,,,,Wydawnictwo Akademii Pedagogiki Specjalnej,Warszawa,2019
644,,,,,C.H. Beck,Warszawa,2019
645,,,,,Wydawnictwo Uniwersytetu Ekonomicznego w Katowicach,Katowice,2019
646,3 ,23,,26-39,Wydawnictwo Uniwersytetu Gdañskiego,Gdañsk,2019
647,,,,,Wydawnictwo C.H. Beck,Warszawa,2019
648,,,,,Wydawnictwo Uniwersytetu Ekonomicznego w Poznaniu,Poznañ,2019
649,,,,,Publishing House of the University of Economics in Katowice,Katowice,2019
650,,,,122-133,Publishing House of the University of Economics in Katowice,Katowice,2019
651,,,,,Publishing House of the University of Economics in Katowice,Katowice,2019
652,,,,205-225,C.H. Beck,Warszawa,2019
653,,,,549-569,Publishing House of the University of Economics in Katowice,Katowice,2019
654,,,,,Wydawnictwo Akademii Pedagogiki Specjalnej,Warszawa,2019
655,,,,182-189,Routledge,London,2019
656,4 ,22,,21-36,Wydawnictwo Akademii Pedagogiki Specjalnej,Warszawa,2019
657,,,,,C.H. Beck,Warszawa,2019
658,,,,27-28,Publishing House of the University of Economics in Katowice,Katowice,2019
659,,,,103-112,Publishing House of the University of Economics in Katowice,Katowice,2019
660,,,,34-48,Wydawnictwo Akademii Pedagogiki Specjalnej,Warszawa,2019
661,4 ,,,176-187,Publishing House of the University of Economics in Katowice,Katowice,2019
662,4 ,15,,139-161,C.H. Beck,Warszawa,2019
663,3 ,20,,241-255,Routledge,London,2019
664,,,,55-68,Wydawnictwo Akademii Pedagogiki Specjalnej,Warszawa,2019
665,,,,219-234,C.H. Beck,Warszawa,2019
666,,,,257-266,Springer,Cham,2019
667,,76,,682-696,CeDeWu,Warszawa,2019
668,,,,,Varazdin Development and Entrepreneurship Agency,Varazdin,2019
669,,,,,University North,Koprivnica,2019
670,,,,334-340,Faculty of Management University of Warsaw,Warsaw,2019
671,21 ,,,51-63,"Faculty of Law, Economics and Social Sciences Sale -Mohammed V University in Rabat",Rabat,2019
672,,,,191-210,Polytechnic of Medimurje in Cakovec,Cakovec,2019
673,,,,175-188,Varazdin Development and Entrepreneurship Agency,Varazdin,2019
674,,,,97-112,University North,Koprivnica,2019
675,,,,29-46,Faculty of Management University of Warsaw,Warsaw,2019
676,,2,,91-122,"Faculty of Law, Economics and Social Sciences Sale -Mohammed V University in Rabat",Rabat,2019
677,3 ,20,,271-286,Polytechnic of Medimurje in Cakovec,Cakovec,2019
678,,,,141-152,Woronezskij Gosudarstvennyj Pedagogiceskij Universitet,Worone,2019
679,,,,289-303,Wydawnictwo Uniwersytetu Rzeszowskiego,Rzeszów,2019
680,6 ,11,,,Wydawnictwo Uniwersytetu Rzeszowskiego,Rzeszów,2019
681,,,,81-104,Varazdin Development and Entrepreneurship Agency,Varazdin,2019
682,5 ,11,,,University North,Koprivnica,2019
683,,,,98-106,Faculty of Management University of Warsaw,Warsaw,2019
684,,,,41-50,"Faculty of Law, Economics and Social Sciences Sale -Mohammed V University in Rabat",Rabat,2019
685,,,,165-178,Polytechnic of Medimurje in Cakovec,Cakovec,2019
686,,,,7-35,Varazdin Development and Entrepreneurship Agency,Varazdin,2019
687,,,,102-114,University North,Koprivnica,2019
688,,,,267-276,Faculty of Management University of Warsaw,Warsaw,2019
689,,63,,249-260,"Faculty of Law, Economics and Social Sciences Sale -Mohammed V University in Rabat",Rabat,2019
690,,,,80-85,Polytechnic of Medimurje in Cakovec,Cakovec,2019
691,,,,63-76,Uniwersytet l¹ski w Katowicach. Wydzia³ Prawa i Administracji,Katowice,2019
692,2 ,13,,46-55,Wydawnictwo C.H. Beck,Warszawa,2019
693,,,,,Uniwersytet l¹ski w Katowicach. Wydzia³ Prawa i Administracji,Katowice,2019
694,,,,,IGI Global ; Business Science Reference,Hershey,
695,,,,103-122,C.H. Beck,Warszawa,2019
696,,,,244-266,Governance Research and Development Centre (CIRU),Zagreb,2019
697,,,,631-641,Wydawnictwo Politechniki £ódzkiej,,2019
698,,,,175-180,IGI Global ; Business Science Reference,Hershey,
699,,,,693-705,Wydawnictwo Politechniki Czêstochowskiej,Czêstochowa,2019
